Workbook

Sheet Sheet1
A4: 45985 | B4: =HYPERLINK("https://app.clickup.com/t/86d0yzu91", "Rocket Store Sale: Alpha[Enabled 6PM IST]") -> Rocket Store Sale: Alpha[Enabled 6PM IST] | C4: =HYPERLINK("https://app.clickup.com/t/86d0ze5tk", "3 PO_High_New Theme") -> 3 PO_High_New Theme | D4: =HYPERLINK("https://app.clickup.com/t/86d0ze7w9", "RBS_Falling For Flavors") -> RBS_Falling For Flavors | W4: =iferror(INDEX('Extract 2'!$A$1:$R1000,MATCH($BI4,'Extract 2'!$A$1:$A1000,0),MATCH(W$2,'Extract 2'!$A$1:$R$1,0)),"") | X4: =iferror(INDEX('Extract 2'!$A$1:$R1000,MATCH($BI4,'Extract 2'!$A$1:$A1000,0),MATCH(X$2,'Extract 2'!$A$1:$R$1,0)),"") | Y4: =iferror(INDEX('Extract 2'!$A$1:$R1000,MATCH($BI4,'Extract 2'!$A$1:$A1000,0),MATCH(Y$2,'Extract 2'!$A$1:$R$1,0)),"") | Z4: =iferror(INDEX('Extract 2'!$A$1:$R1000,MATCH($BI4,'Extract 2'!$A$1:$A1000,0),MATCH(Z$2,'Extract 2'!$A$1:$R$1,0)),"") | AA4: {=iferror(INDEX('Extract 2'!$A$1:$R1000,MATCH($ABI4,'Extract 2'!$A$1:$A1000,0),MATCH(AA$2,'Extract 2'!$A$1:$R$1,0)),"")} | AB4: =iferror(INDEX('Extract 2'!$A$1:$R1000,MATCH($BI4,'Extract 2'!$A$1:$A1000,0),MATCH(AB$2,'Extract 2'!$A$1:$R$1,0)),"") | AC4: =iferror(INDEX('Extract 2'!$A$1:$R1000,MATCH($BI4,'Extract 2'!$A$1:$A1000,0),MATCH(AC$2,'Extract 2'!$A$1:$R$1,0)),"") | AD4: =iferror(INDEX('Extract 2'!$A$1:$R1000,MATCH($BI4,'Extract 2'!$A$1:$A1000,0),MATCH(AD$2,'Extract 2'!$A$1:$R$1,0)),"") | AE4: =iferror(INDEX('Extract 2'!$A$1:$R1000,MATCH($BI4,'Extract 2'!$A$1:$A1000,0),MATCH(AE$2,'Extract 2'!$A$1:$R$1,0)),"") | AF4: =iferror(INDEX('Extract 2'!$A$1:$R1000,MATCH($BI4,'Extract 2'!$A$1:$A1000,0),MATCH(AF$2,'Extract 2'!$A$1:$R$1,0)),"") | AG4: =iferror(INDEX('Extract 2'!$A$1:$R1000,MATCH($BI4,'Extract 2'!$A$1:$A1000,0),MATCH(AG$2,'Extract 2'!$A$1:$R$1,0)),"") | AH4: =iferror(INDEX('Extract 2'!$A$1:$R1000,MATCH($BI4,'Extract 2'!$A$1:$A1000,0),MATCH(AH$2,'Extract 2'!$A$1:$R$1,0)),"") | AI4: =iferror(INDEX('Extract 2'!$A$1:$R1000,MATCH($BI4,'Extract 2'!$A$1:$A1000,0),MATCH(AI$2,'Extract 2'!$A$1:$R$1,0)),"") | AJ4: =iferror(INDEX('Extract 2'!$A$1:$R1000,MATCH($BI4,'Extract 2'!$A$1:$A1000,0),MATCH(AJ$2,'Extract 2'!$A$1:$R$1,0)),"") | AK4: =SUM(AL4:AW4) -> 0.92309871 | AL4: 0.33 | AM4: 0.21 | AN4: 0.017 | AO4: 0.01 | AR4: 0.0475 | AS4: 0.023598712 | AU4: 0.015 | AV4: 0.2 | AW4: 0.07 | AX4: =if(AJ4="","",AJ4-AK4) | AY4: =if(X4="","",X4-AL4) | AZ4: =if(Y4="","",Y4-AM4) | BA4: =If(Z4="","",Z4-(AN4+AO4)) | BB4: =If(AB4="","",AB4-(AP4+AQ4)) | BC4: =if(AD4="","",AD4-AR4) | BD4: =If(AE4="","",AE4-AS4) | BE4: =If(AF4="","",AF4-AT4) | BF4: =If(AG4="","",AG4-AU4) | BG4: =if(AH4="","",AH4-AV4) | BH4: =If(AI4="","",AI4-AW4) | BI4: 45997
A5: 45953 | B5: =HYPERLINK("https://app.clickup.com/t/86d0yztyy", "Tentative_Rocket Store Sale:Alpha") -> Tentative_Rocket Store Sale:Alpha | C5: =HYPERLINK("https://app.clickup.com/t/86d0ze5rb", "3 PO_Stretch_Chip Chip Chip & Deal") -> 3 PO_Stretch_Chip Chip Chip & Deal | D5: =HYPERLINK("https://app.clickup.com/t/86d0ze7xn", "RBS_Yellow Brick Bash") -> RBS_Yellow Brick Bash
